Id,Chinese,English
Npc_Name_1,,
Npc_Name_2,,
Npc_Name_3,,
Npc_Name_4,,
Npc_Name_5,,
Npc_Name_6,,
Npc_Name_7,,
NpcTask_Name_1001,,
NpcTask_Name_1002,,
NpcTask_Name_1003,,
NpcTask_Name_1004,,
NpcTask_Name_1005,,
NpcTask_Name_1006,,
NpcTask_Name_1007,,
NpcTask_Name_1008,,
NpcTask_Name_1009,,
NpcTask_Name_1010,,
NpcTask_Name_1011,,
NpcTask_Name_1012,,
NpcTask_Name_1013,,
NpcTask_Name_1014,,
NpcTask_Name_1015,,
NpcTask_Name_1016,,
NpcTask_Name_1017,,
NpcTask_Name_1018,,
NpcTask_Name_1019,,
NpcTask_Name_1020,,
NpcTask_Name_1021,,
NpcTask_Name_1022,,
NpcTask_Name_1023,,
NpcTask_Name_1024,,
NpcTask_Name_1025,,
NpcTask_Name_1026,,
NpcTask_Name_1027,,
NpcTask_Name_1028,,
NpcTask_Name_1029,,
NpcTask_Name_1030,,
NpcTask_Name_1031,,
NpcTask_Name_1032,,
NpcTask_Name_1033,,
NpcTask_Name_1034,,
NpcTask_Name_1035,,
NpcTask_Name_1036,,
NpcTask_Name_1037,,
NpcTask_Name_1038,,
NpcTask_Name_1039,,
NpcTask_Name_1040,,
NpcTask_Name_1041,,
NpcTask_Name_1042,,
NpcTask_Name_1043,,
NpcTask_Name_1044,,
NpcTask_Name_1045,,
NpcTask_Name_1046,,
NpcTask_Name_1047,,
NpcTask_Name_1048,,
NpcTask_Name_1049,,
NpcTask_Name_1050,,
NpcTask_Name_2001,,
NpcTask_Name_2002,,
NpcTask_Name_2003,,
NpcTask_Name_2004,,
NpcTask_Name_2005,,
NpcTask_Name_2006,,
NpcTask_Name_2007,,
NpcTask_Name_2008,,
NpcTask_Name_2009,,
NpcTask_Name_2010,,
NpcTask_Name_2011,,
NpcTask_Name_2012,,
NpcTask_Name_2013,,
NpcTask_Name_2014,,
NpcTask_Name_2015,,
NpcTask_Name_2016,,
NpcTask_Name_2017,,
NpcTask_Name_2018,,
NpcTask_Name_2019,,
NpcTask_Name_2020,,
NpcTask_Name_2021,,
NpcTask_Name_2022,,
NpcTask_Name_2023,,
NpcTask_Name_2024,,
NpcTask_Name_2025,,
NpcTask_Name_2026,,
NpcTask_Name_2027,,
NpcTask_Name_2028,,
NpcTask_Name_2029,,
NpcTask_Name_2030,,
NpcTask_Name_2031,,
NpcTask_Name_2032,,
NpcTask_Name_2033,,
NpcTask_Name_2034,,
NpcTask_Name_2035,,
NpcTask_Name_2036,,
NpcTask_Name_2037,,
NpcTask_Name_2038,,
NpcTask_Name_2039,,
NpcTask_Name_2040,,
NpcTask_Name_2041,,
NpcTask_Name_2042,,
NpcTask_Name_2043,,
NpcTask_Name_2044,,
NpcTask_Name_2045,,
NpcTask_Name_2046,,
NpcTask_Name_2047,,
NpcTask_Name_2048,,
NpcTask_Name_2049,,
NpcTask_Name_2050,,
NpcTask_Name_3001,,
NpcTask_Name_3002,,
NpcTask_Name_3003,,
NpcTask_Name_3004,,
NpcTask_Name_3005,,
NpcTask_Name_3006,,
NpcTask_Name_3007,,
NpcTask_Name_3008,,
NpcTask_Name_3009,,
NpcTask_Name_3010,,
NpcTask_Name_3011,,
NpcTask_Name_3012,,
NpcTask_Name_3013,,
NpcTask_Name_3014,,
NpcTask_Name_3015,,
NpcTask_Name_3016,,
NpcTask_Name_3017,,
NpcTask_Name_3018,,
NpcTask_Name_3019,,
NpcTask_Name_3020,,
NpcTask_Name_3021,,
NpcTask_Name_3022,,
NpcTask_Name_3023,,
NpcTask_Name_3024,,
NpcTask_Name_3025,,
NpcTask_Name_3026,,
NpcTask_Name_3027,,
NpcTask_Name_3028,,
NpcTask_Name_3029,,
NpcTask_Name_3030,,
NpcTask_Name_3031,,
NpcTask_Name_3032,,
NpcTask_Name_3033,,
NpcTask_Name_3034,,
NpcTask_Name_3035,,
NpcTask_Name_3036,,
NpcTask_Name_3037,,
NpcTask_Name_3038,,
NpcTask_Name_3039,,
NpcTask_Name_3040,,
NpcTask_Name_3041,,
NpcTask_Name_3042,,
NpcTask_Name_3043,,
NpcTask_Name_3044,,
NpcTask_Name_3045,,
NpcTask_Name_3046,,
NpcTask_Name_3047,,
NpcTask_Name_3048,,
NpcTask_Name_3049,,
NpcTask_Name_3050,,
NpcTask_Name_4001,,
NpcTask_Name_4002,,
NpcTask_Name_4003,,
NpcTask_Name_4004,,
NpcTask_Name_4005,,
NpcTask_Name_4006,,
NpcTask_Name_4007,,
NpcTask_Name_4008,,
NpcTask_Name_4009,,
NpcTask_Name_4010,,
NpcTask_Name_4011,,
NpcTask_Name_4012,,
NpcTask_Name_4013,,
NpcTask_Name_4014,,
NpcTask_Name_4015,,
NpcTask_Name_4016,,
NpcTask_Name_4017,,
NpcTask_Name_4018,,
NpcTask_Name_4019,,
NpcTask_Name_4020,,
NpcTask_Name_4021,,
NpcTask_Name_4022,,
NpcTask_Name_4023,,
NpcTask_Name_4024,,
NpcTask_Name_4025,,
NpcTask_Name_4026,,
NpcTask_Name_4027,,
NpcTask_Name_4028,,
NpcTask_Name_4029,,
NpcTask_Name_4030,,
NpcTask_Name_4031,,
NpcTask_Name_4032,,
NpcTask_Name_4033,,
NpcTask_Name_4034,,
NpcTask_Name_4035,,
NpcTask_Name_4036,,
NpcTask_Name_4037,,
NpcTask_Name_4038,,
NpcTask_Name_4039,,
NpcTask_Name_4040,,
NpcTask_Name_4041,,
NpcTask_Name_4042,,
NpcTask_Name_4043,,
NpcTask_Name_4044,,
NpcTask_Name_4045,,
NpcTask_Name_4046,,
NpcTask_Name_4047,,
NpcTask_Name_4048,,
NpcTask_Name_4049,,
NpcTask_Name_4050,,
NpcTask_Name_5001,,
NpcTask_Name_5002,,
NpcTask_Name_5003,,
NpcTask_Name_5004,,
NpcTask_Name_5005,,
NpcTask_Name_5006,,
NpcTask_Name_5007,,
NpcTask_Name_5008,,
NpcTask_Name_5009,,
NpcTask_Name_5010,,
NpcTask_Name_5011,,
NpcTask_Name_5012,,
NpcTask_Name_5013,,
NpcTask_Name_5014,,
NpcTask_Name_5015,,
NpcTask_Name_5016,,
NpcTask_Name_5017,,
NpcTask_Name_5018,,
NpcTask_Name_5019,,
NpcTask_Name_5020,,
NpcTask_Name_5021,,
NpcTask_Name_5022,,
NpcTask_Name_5023,,
NpcTask_Name_5024,,
NpcTask_Name_5025,,
NpcTask_Name_5026,,
NpcTask_Name_5027,,
NpcTask_Name_5028,,
NpcTask_Name_5029,,
NpcTask_Name_5030,,
NpcTask_Name_5031,,
NpcTask_Name_5032,,
NpcTask_Name_5033,,
NpcTask_Name_5034,,
NpcTask_Name_5035,,
NpcTask_Name_5036,,
NpcTask_Name_5037,,
NpcTask_Name_5038,,
NpcTask_Name_5039,,
NpcTask_Name_5040,,
NpcTask_Name_5041,,
NpcTask_Name_5042,,
NpcTask_Name_5043,,
NpcTask_Name_5044,,
NpcTask_Name_5045,,
NpcTask_Name_5046,,
NpcTask_Name_5047,,
NpcTask_Name_5048,,
NpcTask_Name_5049,,
NpcTask_Name_5050,,
NpcTask_Name_6001,,
NpcTask_Name_6002,,
NpcTask_Name_6003,,
NpcTask_Name_6004,,
NpcTask_Name_6005,,
NpcTask_Name_6006,,
NpcTask_Name_6007,,
NpcTask_Name_6008,,
NpcTask_Name_6009,,
NpcTask_Name_6010,,
NpcTask_Name_6011,,
NpcTask_Name_6012,,
NpcTask_Name_6013,,
NpcTask_Name_6014,,
NpcTask_Name_6015,,
NpcTask_Name_6016,,
NpcTask_Name_6017,,
NpcTask_Name_6018,,
NpcTask_Name_6019,,
NpcTask_Name_6020,,
NpcTask_Name_6021,,
NpcTask_Name_6022,,
NpcTask_Name_6023,,
NpcTask_Name_6024,,
NpcTask_Name_6025,,
NpcTask_Name_6026,,
NpcTask_Name_6027,,
NpcTask_Name_6028,,
NpcTask_Name_6029,,
NpcTask_Name_6030,,
NpcTask_Name_6031,,
NpcTask_Name_6032,,
NpcTask_Name_6033,,
NpcTask_Name_6034,,
NpcTask_Name_6035,,
NpcTask_Name_6036,,
NpcTask_Name_6037,,
NpcTask_Name_6038,,
NpcTask_Name_6039,,
NpcTask_Name_6040,,
NpcTask_Name_6041,,
NpcTask_Name_6042,,
NpcTask_Name_6043,,
NpcTask_Name_6044,,
NpcTask_Name_6045,,
NpcTask_Name_6046,,
NpcTask_Name_6047,,
NpcTask_Name_6048,,
NpcTask_Name_6049,,
NpcTask_Name_6050,,
NpcTask_Name_7001,,
NpcTask_Name_7002,,
NpcTask_Name_7003,,
NpcTask_Name_7004,,
NpcTask_Name_7005,,
NpcTask_Name_7006,,
NpcTask_Name_7007,,
NpcTask_Name_7008,,
NpcTask_Name_7009,,
NpcTask_Name_7010,,
NpcTask_Name_7011,,
NpcTask_Name_7012,,
NpcTask_Name_7013,,
NpcTask_Name_7014,,
NpcTask_Name_7015,,
NpcTask_Name_7016,,
NpcTask_Name_7017,,
NpcTask_Name_7018,,
NpcTask_Name_7019,,
NpcTask_Name_7020,,
NpcTask_Name_7021,,
NpcTask_Name_7022,,
NpcTask_Name_7023,,
NpcTask_Name_7024,,
NpcTask_Name_7025,,
NpcTask_Name_7026,,
NpcTask_Name_7027,,
NpcTask_Name_7028,,
NpcTask_Name_7029,,
NpcTask_Name_7030,,
NpcTask_Name_7031,,
NpcTask_Name_7032,,
NpcTask_Name_7033,,
NpcTask_Name_7034,,
NpcTask_Name_7035,,
NpcTask_Name_7036,,
NpcTask_Name_7037,,
NpcTask_Name_7038,,
NpcTask_Name_7039,,
NpcTask_Name_7040,,
NpcTask_Name_7041,,
NpcTask_Name_7042,,
NpcTask_Name_7043,,
NpcTask_Name_7044,,
NpcTask_Name_7045,,
NpcTask_Name_7046,,
NpcTask_Name_7047,,
NpcTask_Name_7048,,
NpcTask_Name_7049,,
NpcTask_Name_7050,,
NpcTask_Info_1001,,
NpcTask_Info_1002,,
NpcTask_Info_1003,,
NpcTask_Info_1004,,
NpcTask_Info_1005,,
NpcTask_Info_1006,,
NpcTask_Info_1007,,
NpcTask_Info_1008,,
NpcTask_Info_1009,,
NpcTask_Info_1010,,
NpcTask_Info_1011,,
NpcTask_Info_1012,,
NpcTask_Info_1013,,
NpcTask_Info_1014,,
NpcTask_Info_1015,,
NpcTask_Info_1016,,
NpcTask_Info_1017,,
NpcTask_Info_1018,,
NpcTask_Info_1019,,
NpcTask_Info_1020,,
NpcTask_Info_1021,,
NpcTask_Info_1022,,
NpcTask_Info_1023,,
NpcTask_Info_1024,,
NpcTask_Info_1025,,
NpcTask_Info_1026,,
NpcTask_Info_1027,,
NpcTask_Info_1028,,
NpcTask_Info_1029,,
NpcTask_Info_1030,,
NpcTask_Info_1031,,
NpcTask_Info_1032,,
NpcTask_Info_1033,,
NpcTask_Info_1034,,
NpcTask_Info_1035,,
NpcTask_Info_1036,,
NpcTask_Info_1037,,
NpcTask_Info_1038,,
NpcTask_Info_1039,,
NpcTask_Info_1040,,
NpcTask_Info_1041,,
NpcTask_Info_1042,,
NpcTask_Info_1043,,
NpcTask_Info_1044,,
NpcTask_Info_1045,,
NpcTask_Info_1046,,
NpcTask_Info_1047,,
NpcTask_Info_1048,,
NpcTask_Info_1049,,
NpcTask_Info_1050,,
NpcTask_Info_2001,,
NpcTask_Info_2002,,
NpcTask_Info_2003,,
NpcTask_Info_2004,,
NpcTask_Info_2005,,
NpcTask_Info_2006,,
NpcTask_Info_2007,,
NpcTask_Info_2008,,
NpcTask_Info_2009,,
NpcTask_Info_2010,,
NpcTask_Info_2011,,
NpcTask_Info_2012,,
NpcTask_Info_2013,,
NpcTask_Info_2014,,
NpcTask_Info_2015,,
NpcTask_Info_2016,,
NpcTask_Info_2017,,
NpcTask_Info_2018,,
NpcTask_Info_2019,,
NpcTask_Info_2020,,
NpcTask_Info_2021,,
NpcTask_Info_2022,,
NpcTask_Info_2023,,
NpcTask_Info_2024,,
NpcTask_Info_2025,,
NpcTask_Info_2026,,
NpcTask_Info_2027,,
NpcTask_Info_2028,,
NpcTask_Info_2029,,
NpcTask_Info_2030,,
NpcTask_Info_2031,,
NpcTask_Info_2032,,
NpcTask_Info_2033,,
NpcTask_Info_2034,,
NpcTask_Info_2035,,
NpcTask_Info_2036,,
NpcTask_Info_2037,,
NpcTask_Info_2038,,
NpcTask_Info_2039,,
NpcTask_Info_2040,,
NpcTask_Info_2041,,
NpcTask_Info_2042,,
NpcTask_Info_2043,,
NpcTask_Info_2044,,
NpcTask_Info_2045,,
NpcTask_Info_2046,,
NpcTask_Info_2047,,
NpcTask_Info_2048,,
NpcTask_Info_2049,,
NpcTask_Info_2050,,
NpcTask_Info_3001,,
NpcTask_Info_3002,,
NpcTask_Info_3003,,
NpcTask_Info_3004,,
NpcTask_Info_3005,,
NpcTask_Info_3006,,
NpcTask_Info_3007,,
NpcTask_Info_3008,,
NpcTask_Info_3009,,
NpcTask_Info_3010,,
NpcTask_Info_3011,,
NpcTask_Info_3012,,
NpcTask_Info_3013,,
NpcTask_Info_3014,,
NpcTask_Info_3015,,
NpcTask_Info_3016,,
NpcTask_Info_3017,,
NpcTask_Info_3018,,
NpcTask_Info_3019,,
NpcTask_Info_3020,,
NpcTask_Info_3021,,
NpcTask_Info_3022,,
NpcTask_Info_3023,,
NpcTask_Info_3024,,
NpcTask_Info_3025,,
NpcTask_Info_3026,,
NpcTask_Info_3027,,
NpcTask_Info_3028,,
NpcTask_Info_3029,,
NpcTask_Info_3030,,
NpcTask_Info_3031,,
NpcTask_Info_3032,,
NpcTask_Info_3033,,
NpcTask_Info_3034,,
NpcTask_Info_3035,,
NpcTask_Info_3036,,
NpcTask_Info_3037,,
NpcTask_Info_3038,,
NpcTask_Info_3039,,
NpcTask_Info_3040,,
NpcTask_Info_3041,,
NpcTask_Info_3042,,
NpcTask_Info_3043,,
NpcTask_Info_3044,,
NpcTask_Info_3045,,
NpcTask_Info_3046,,
NpcTask_Info_3047,,
NpcTask_Info_3048,,
NpcTask_Info_3049,,
NpcTask_Info_3050,,
NpcTask_Info_4001,,
NpcTask_Info_4002,,
NpcTask_Info_4003,,
NpcTask_Info_4004,,
NpcTask_Info_4005,,
NpcTask_Info_4006,,
NpcTask_Info_4007,,
NpcTask_Info_4008,,
NpcTask_Info_4009,,
NpcTask_Info_4010,,
NpcTask_Info_4011,,
NpcTask_Info_4012,,
NpcTask_Info_4013,,
NpcTask_Info_4014,,
NpcTask_Info_4015,,
NpcTask_Info_4016,,
NpcTask_Info_4017,,
NpcTask_Info_4018,,
NpcTask_Info_4019,,
NpcTask_Info_4020,,
NpcTask_Info_4021,,
NpcTask_Info_4022,,
NpcTask_Info_4023,,
NpcTask_Info_4024,,
NpcTask_Info_4025,,
NpcTask_Info_4026,,
NpcTask_Info_4027,,
NpcTask_Info_4028,,
NpcTask_Info_4029,,
NpcTask_Info_4030,,
NpcTask_Info_4031,,
NpcTask_Info_4032,,
NpcTask_Info_4033,,
NpcTask_Info_4034,,
NpcTask_Info_4035,,
NpcTask_Info_4036,,
NpcTask_Info_4037,,
NpcTask_Info_4038,,
NpcTask_Info_4039,,
NpcTask_Info_4040,,
NpcTask_Info_4041,,
NpcTask_Info_4042,,
NpcTask_Info_4043,,
NpcTask_Info_4044,,
NpcTask_Info_4045,,
NpcTask_Info_4046,,
NpcTask_Info_4047,,
NpcTask_Info_4048,,
NpcTask_Info_4049,,
NpcTask_Info_4050,,
NpcTask_Info_5001,,
NpcTask_Info_5002,,
NpcTask_Info_5003,,
NpcTask_Info_5004,,
NpcTask_Info_5005,,
NpcTask_Info_5006,,
NpcTask_Info_5007,,
NpcTask_Info_5008,,
NpcTask_Info_5009,,
NpcTask_Info_5010,,
NpcTask_Info_5011,,
NpcTask_Info_5012,,
NpcTask_Info_5013,,
NpcTask_Info_5014,,
NpcTask_Info_5015,,
NpcTask_Info_5016,,
NpcTask_Info_5017,,
NpcTask_Info_5018,,
NpcTask_Info_5019,,
NpcTask_Info_5020,,
NpcTask_Info_5021,,
NpcTask_Info_5022,,
NpcTask_Info_5023,,
NpcTask_Info_5024,,
NpcTask_Info_5025,,
NpcTask_Info_5026,,
NpcTask_Info_5027,,
NpcTask_Info_5028,,
NpcTask_Info_5029,,
NpcTask_Info_5030,,
NpcTask_Info_5031,,
NpcTask_Info_5032,,
NpcTask_Info_5033,,
NpcTask_Info_5034,,
NpcTask_Info_5035,,
NpcTask_Info_5036,,
NpcTask_Info_5037,,
NpcTask_Info_5038,,
NpcTask_Info_5039,,
NpcTask_Info_5040,,
NpcTask_Info_5041,,
NpcTask_Info_5042,,
NpcTask_Info_5043,,
NpcTask_Info_5044,,
NpcTask_Info_5045,,
NpcTask_Info_5046,,
NpcTask_Info_5047,,
NpcTask_Info_5048,,
NpcTask_Info_5049,,
NpcTask_Info_5050,,
NpcTask_Info_6001,,
NpcTask_Info_6002,,
NpcTask_Info_6003,,
NpcTask_Info_6004,,
NpcTask_Info_6005,,
NpcTask_Info_6006,,
NpcTask_Info_6007,,
NpcTask_Info_6008,,
NpcTask_Info_6009,,
NpcTask_Info_6010,,
NpcTask_Info_6011,,
NpcTask_Info_6012,,
NpcTask_Info_6013,,
NpcTask_Info_6014,,
NpcTask_Info_6015,,
NpcTask_Info_6016,,
NpcTask_Info_6017,,
NpcTask_Info_6018,,
NpcTask_Info_6019,,
NpcTask_Info_6020,,
NpcTask_Info_6021,,
NpcTask_Info_6022,,
NpcTask_Info_6023,,
NpcTask_Info_6024,,
NpcTask_Info_6025,,
NpcTask_Info_6026,,
NpcTask_Info_6027,,
NpcTask_Info_6028,,
NpcTask_Info_6029,,
NpcTask_Info_6030,,
NpcTask_Info_6031,,
NpcTask_Info_6032,,
NpcTask_Info_6033,,
NpcTask_Info_6034,,
NpcTask_Info_6035,,
NpcTask_Info_6036,,
NpcTask_Info_6037,,
NpcTask_Info_6038,,
NpcTask_Info_6039,,
NpcTask_Info_6040,,
NpcTask_Info_6041,,
NpcTask_Info_6042,,
NpcTask_Info_6043,,
NpcTask_Info_6044,,
NpcTask_Info_6045,,
NpcTask_Info_6046,,
NpcTask_Info_6047,,
NpcTask_Info_6048,,
NpcTask_Info_6049,,
NpcTask_Info_6050,,
NpcTask_Info_7001,,
NpcTask_Info_7002,,
NpcTask_Info_7003,,
NpcTask_Info_7004,,
NpcTask_Info_7005,,
NpcTask_Info_7006,,
NpcTask_Info_7007,,
NpcTask_Info_7008,,
NpcTask_Info_7009,,
NpcTask_Info_7010,,
NpcTask_Info_7011,,
NpcTask_Info_7012,,
NpcTask_Info_7013,,
NpcTask_Info_7014,,
NpcTask_Info_7015,,
NpcTask_Info_7016,,
NpcTask_Info_7017,,
NpcTask_Info_7018,,
NpcTask_Info_7019,,
NpcTask_Info_7020,,
NpcTask_Info_7021,,
NpcTask_Info_7022,,
NpcTask_Info_7023,,
NpcTask_Info_7024,,
NpcTask_Info_7025,,
NpcTask_Info_7026,,
NpcTask_Info_7027,,
NpcTask_Info_7028,,
NpcTask_Info_7029,,
NpcTask_Info_7030,,
NpcTask_Info_7031,,
NpcTask_Info_7032,,
NpcTask_Info_7033,,
NpcTask_Info_7034,,
NpcTask_Info_7035,,
NpcTask_Info_7036,,
NpcTask_Info_7037,,
NpcTask_Info_7038,,
NpcTask_Info_7039,,
NpcTask_Info_7040,,
NpcTask_Info_7041,,
NpcTask_Info_7042,ºÃµÄ,
NpcTask_Info_7043,,
NpcTask_Info_7044,,
NpcTask_Info_7045,,
NpcTask_Info_7046,,
NpcTask_Info_7047,,
NpcTask_Info_7048,,
NpcTask_Info_7049,,
NpcTask_Info_7050,,
Item_1,,
Item_2,,
Item_5,,
Item_11,,
Item_12,,
Item_13,,
Item_14,,
Item_15,,
Item_16,,
Item_17,,
Item_Info_20101,,
Item_Info_20102,,
Item_Info_20103,,
Item_Info_20104,,
Item_Info_20105,,
Item_Info_20106,,
Item_Info_20107,,
Item_Info_20108,,
Item_Info_20109,,
Item_Info_20110,,
Item_Info_20201,,
Item_Info_20202,,
Item_Info_20203,,
Item_Info_20204,,
Item_Info_20205,,
Item_Info_20206,,
Item_Info_20207,,
Item_Info_20208,,
Item_Info_20209,,
Item_Info_20210,,
Item_Info_20301,,
Item_Info_20302,,
Item_Info_20303,,
Item_Info_20304,,
Item_Info_20305,,
Item_Info_20306,,
Item_Info_20307,,
Item_Info_20308,,
Item_Info_20309,,
Item_Info_20310,,
Item_Info_20401,,
Item_Info_20402,,
Item_Info_20403,,
Item_Info_20404,,
Item_Info_20405,,
Item_Info_20406,,
Item_Info_20407,,
Item_Info_20408,,
Item_Info_20409,,
Item_Info_20410,,
Item_Info_20501,,
Item_Info_20502,,
Item_Info_20503,,
Item_Info_20504,,
Item_Info_20505,,
Item_Info_20506,,
Item_Info_20507,,
Item_Info_20508,,
Item_Info_20509,,
Item_Info_20510,,
Item_Info_30001,,
Item_Info_30002,,
Item_Info_30003,,
Item_Info_30004,,
Item_Info_30005,,
Item_Info_30006,,
Item_Info_30007,,
Item_Info_30101,,
Item_Info_30102,,
Item_Info_30103,,
Item_Info_30104,,
Item_Info_30105,,
Item_Info_30106,,
Item_Info_30107,,
Item_Info_30108,,
Item_Info_30109,,
Item_Info_30110,,
Item_Info_30201,,
Item_Info_30202,,
Item_Info_30203,,
Item_Info_30204,,
Item_Info_30205,,
Item_Info_30206,,
Item_Info_30207,,
Item_Info_30208,,
Item_Info_30209,,
Item_Info_30210,,
Item_Info_30301,,
Item_Info_30302,,
Item_Info_30303,,
Item_Info_30304,,
Item_Info_30305,,
Item_Info_30306,,
Item_Info_30307,,
Item_Info_30308,,
Item_Info_30309,,
Item_Info_30310,,
Item_Info_30401,,
Item_Info_30402,,
Item_Info_30403,,
Item_Info_30404,,
Item_Info_30405,,
Item_Info_30406,,
Item_Info_30407,,
Item_Info_30408,,
Item_Info_30409,,
Item_Info_30410,,
Item_Info_30501,,
Item_Info_30502,,
Item_Info_30503,,
Item_Info_30504,,
Item_Info_30505,,
Item_Info_30506,,
Item_Info_30507,,
Item_Info_30508,,
Item_Info_30509,,
Item_Info_30510,,
Item_Info_30601,,
Item_Info_30602,,
Item_Info_30603,,
Item_Info_30604,,
Item_Info_30605,,
Item_Info_30606,,
Item_Info_30607,,
Item_Info_30608,,
Item_Info_30609,,
Item_Info_30610,,
Item_Info_30701,,
Item_Info_30702,,
Item_Info_30703,,
Item_Info_30704,,
Item_Info_30705,,
Item_Info_30706,,
Item_Info_30707,,
Item_Info_30708,,
Item_Info_30709,,
Item_Info_30710,,
Item_Info_30801,,
Item_Info_30802,,
Item_Info_30803,,
Item_Info_30804,,
Item_Info_30901,,
Item_Info_30902,,
Item_Info_30903,,
Item_Info_30904,,
Item_Info_30905,,
Item_Info_30906,,
Item_Info_30907,,
Item_Info_30908,,
Item_Info_30909,,
Item_Info_30910,,
Item_Info_31001,,
Item_Info_31002,,
Item_Info_31003,,
Item_Info_31004,,
Item_Info_31005,,
Item_Info_31006,,
Item_Info_31007,,
Item_Info_31008,,
Item_Info_31009,,
Item_Info_31010,,
Paper_Name_11106,,
Paper_Name_11107,,
Paper_Name_11108,,
Paper_Name_11109,,
Paper_Name_11110,,
Paper_Name_11206,,
Paper_Name_11207,,
Paper_Name_11208,,
Paper_Name_11209,,
Paper_Name_11210,,
Paper_Name_11306,,
Paper_Name_11307,,
Paper_Name_11308,,
Paper_Name_11309,,
Paper_Name_11310,,
Paper_Name_11406,,
Paper_Name_11407,,
Paper_Name_11408,,
Paper_Name_11409,,
Paper_Name_11410,,
Paper_Name_12106,,
Paper_Name_12107,,
Paper_Name_12108,,
Paper_Name_12109,,
Paper_Name_12110,,
Paper_Name_12206,,
Paper_Name_12207,,
Paper_Name_12208,,
Paper_Name_12209,,
Paper_Name_12210,,
Paper_Name_12306,,
Paper_Name_12307,,
Paper_Name_12308,,
Paper_Name_12309,,
Paper_Name_12310,,
Paper_Name_13106,,
Paper_Name_13107,,
Paper_Name_13108,,
Paper_Name_13109,,
Paper_Name_13110,,
Paper_Name_13206,,
Paper_Name_13207,,
Paper_Name_13208,,
Paper_Name_13209,,
Paper_Name_13210,,
Paper_Name_14106,,
Paper_Name_14107,,
Paper_Name_14108,,
Paper_Name_14109,,
Paper_Name_14110,,
Paper_Name_14206,,
Paper_Name_14207,,
Paper_Name_14208,,
Paper_Name_14209,,
Paper_Name_14210,,
Paper_Name_14306,,
Paper_Name_14307,,
Paper_Name_14308,,
Paper_Name_14309,,
Paper_Name_14310,,
Paper_Name_30206,,
Paper_Name_30207,,
Paper_Name_30208,,
Paper_Name_30209,,
Paper_Name_30210,,
Paper_Info_11106,,
Paper_Info_11107,,
Paper_Info_11108,,
Paper_Info_11109,,
Paper_Info_11110,,
Paper_Info_11206,,
Paper_Info_11207,,
Paper_Info_11208,,
Paper_Info_11209,,
Paper_Info_11210,,
Paper_Info_11306,,
Paper_Info_11307,,
Paper_Info_11308,,
Paper_Info_11309,,
Paper_Info_11310,,
Paper_Info_11406,,
Paper_Info_11407,,
Paper_Info_11408,,
Paper_Info_11409,,
Paper_Info_11410,,
Paper_Info_12106,,
Paper_Info_12107,,
Paper_Info_12108,,
Paper_Info_12109,,
Paper_Info_12110,,
Paper_Info_12206,,
Paper_Info_12207,,
Paper_Info_12208,,
Paper_Info_12209,,
Paper_Info_12210,,
Paper_Info_12306,,
Paper_Info_12307,,
Paper_Info_12308,,
Paper_Info_12309,,
Paper_Info_12310,,
Paper_Info_13106,,
Paper_Info_13107,,
Paper_Info_13108,,
Paper_Info_13109,,
Paper_Info_13110,,
Paper_Info_13206,,
Paper_Info_13207,,
Paper_Info_13208,,
Paper_Info_13209,,
Paper_Info_13210,,
Paper_Info_14106,,
Paper_Info_14107,,
Paper_Info_14108,,
Paper_Info_14109,,
Paper_Info_14110,,
Paper_Info_14206,,
Paper_Info_14207,,
Paper_Info_14208,,
Paper_Info_14209,,
Paper_Info_14210,,
Paper_Info_14306,,
Paper_Info_14307,,
Paper_Info_14308,,
Paper_Info_14309,,
Paper_Info_14310,,
Paper_Info_30206,,
Paper_Info_30207,,
Paper_Info_30208,,
Paper_Info_30209,,
Paper_Info_30210,,
Con_Name_1,,
Con_Name_2,,
Con_Name_3,,
Con_Name_4,,
Con_Name_5,,
Con_Name_6,,
Con_Name_10,,
Con_Name_11,,
Con_Name_12,,
Con_Name_13,,
Con_Name_14,,
Con_Name_15,,
Con_Name_30,,
Con_Name_31,,
Task_11101,,
Task_11102,,
Task_11103,,
Task_11104,,
Task_11105,,
Task_11106,,
Task_11107,,
Task_11108,,
Task_11109,,
Task_11110,,
Task_11201,,
Task_11202,,
Task_11203,,
Task_11204,,
Task_11205,,
Task_11206,,
Task_11207,,
Task_11208,,
Task_11209,,
Task_11210,,
Task_12101,,
Task_12102,,
Task_12103,,
Task_12104,,
Task_12105,,
Task_12106,,
Task_12107,,
Task_12108,,
Task_12109,,
Task_12110,,
Task_13101,,
Task_13102,,
Task_13103,,
Task_13104,,
Task_13105,,
Task_13106,,
Task_13107,,
Task_13108,,
Task_13109,,
Task_13110,,
Task_14101,,
Task_14102,,
Task_14103,,
Task_14104,,
Task_14105,,
Task_14106,,
Task_14107,,
Task_14108,,
Task_14109,,
Task_14110,,
Task_30201,,
Task_30202,,
Task_30203,,
Task_30204,,
Task_30205,,
Task_30206,,
Task_30207,,
Task_30208,,
Task_30209,,
Task_30210,,
Task_11301,,
Task_11302,,
Task_11303,,
Task_11304,,
Task_11305,,
Task_11306,,
Task_11307,,
Task_11308,,
Task_11309,,
Task_11310,,
Task_11401,,
Task_11402,,
Task_11403,,
Task_11404,,
Task_11405,,
Task_11406,,
Task_11407,,
Task_11408,,
Task_11409,,
Task_11410,,
Task_13201,,
Task_13202,,
Task_13203,,
Task_13204,,
Task_13205,,
Task_13206,,
Task_13207,,
Task_13208,,
Task_13209,,
Task_13210,,
Task_13301,,
Task_13302,,
Task_13303,,
Task_13304,,
Task_13305,,
Task_13306,,
Task_13307,,
Task_13308,,
Task_13309,,
Task_13310,,
Task_12201,,
Task_12202,,
Task_12203,,
Task_12204,,
Task_12205,,
Task_12206,,
Task_12207,,
Task_12208,,
Task_12209,,
Task_12210,,
Task_14201,,
Task_14202,,
Task_14203,,
Task_14204,,
Task_14205,,
Task_14206,,
Task_14207,,
Task_14208,,
Task_14209,,
Task_14210,,
Task_14301,,
Task_14302,,
Task_14303,,
Task_14304,,
Task_14305,,
Task_14306,,
Task_14307,,
Task_14308,,
Task_14309,,
Task_14310,,
Task_30002,,
Task_30005,,
Task_30006,,
Task_20101,,
Task_20102,,
Task_20103,,
Task_20104,,
Task_20105,,
Task_20106,,
Task_20107,,
Task_20108,,
Task_20109,,
Task_20110,,
Task_20201,,
Task_20202,,
Task_20203,,
Task_20204,,
Task_20205,,
Task_20206,,
Task_20207,,
Task_20208,,
Task_20209,,
Task_20210,,
Task_20301,,
Task_20302,,
Task_20303,,
Task_20304,,
Task_20305,,
Task_20306,,
Task_20307,,
Task_20308,,
Task_20309,,
Task_20310,,
Task_20401,,
Task_20402,,
Task_20403,,
Task_20404,,
Task_20405,,
Task_20406,,
Task_20407,,
Task_20408,,
Task_20409,,
Task_20410,,
Task_20501,,
Task_20502,,
Task_20503,,
Task_20504,,
Task_20505,,
Task_20506,,
Task_20507,,
Task_20508,,
Task_20509,,
Task_20510,,
Task_30001,,
Task_30004,,
Task_30801,,
Task_30802,,
Task_30803,,
Task_30804,,
Task_30101,,
Task_30102,,
Task_30103,,
Task_30104,,
Task_30105,,
Task_30106,,
Task_30107,,
Task_30108,,
Task_30109,,
Task_30110,,
Task_30301,,
Task_30302,,
Task_30303,,
Task_30304,,
Task_30305,,
Task_30306,,
Task_30307,,
Task_30308,,
Task_30309,,
Task_30310,,
Task_30401,,
Task_30402,,
Task_30403,,
Task_30404,,
Task_30405,,
Task_30406,,
Task_30407,,
Task_30408,,
Task_30409,,
Task_30410,,
Task_30003,,
Task_30007,,
Task_30501,,
Task_30502,,
Task_30503,,
Task_30504,,
Task_30505,,
Task_30506,,
Task_30507,,
Task_30508,,
Task_30509,,
Task_30510,,
Task_30901,,
Task_30902,,
Task_30903,,
Task_30904,,
Task_30905,,
Task_30906,,
Task_30907,,
Task_30908,,
Task_30909,,
Task_30910,,
Task_30701,,
Task_30702,,
Task_30703,,
Task_30704,,
Task_30705,,
Task_30706,,
Task_30707,,
Task_30708,,
Task_30709,,
Task_30710,,
Task_Info_11101,,
Task_Info_11102,,
Task_Info_11103,,
Task_Info_11104,,
Task_Info_11105,,
Task_Info_11106,,
Task_Info_11107,,
Task_Info_11108,,
Task_Info_11109,,
Task_Info_11110,,
Task_Info_11201,,
Task_Info_11202,,
Task_Info_11203,,
Task_Info_11204,,
Task_Info_11205,,
Task_Info_11206,,
Task_Info_11207,,
Task_Info_11208,,
Task_Info_11209,,
Task_Info_11210,,
Task_Info_12101,,
Task_Info_12102,,
Task_Info_12103,,
Task_Info_12104,,
Task_Info_12105,,
Task_Info_12106,,
Task_Info_12107,,
Task_Info_12108,,
Task_Info_12109,,
Task_Info_12110,,
Task_Info_13101,,
Task_Info_13102,,
Task_Info_13103,,
Task_Info_13104,,
Task_Info_13105,,
Task_Info_13106,,
Task_Info_13107,,
Task_Info_13108,,
Task_Info_13109,,
Task_Info_13110,,
Task_Info_14101,,
Task_Info_14102,,
Task_Info_14103,,
Task_Info_14104,,
Task_Info_14105,,
Task_Info_14106,,
Task_Info_14107,,
Task_Info_14108,,
Task_Info_14109,,
Task_Info_14110,,
Task_Info_30201,,
Task_Info_30202,,
Task_Info_30203,,
Task_Info_30204,,
Task_Info_30205,,
Task_Info_30206,,
Task_Info_30207,,
Task_Info_30208,,
Task_Info_30209,,
Task_Info_30210,,
Task_Info_11301,,
Task_Info_11302,,
Task_Info_11303,,
Task_Info_11304,,
Task_Info_11305,,
Task_Info_11306,,
Task_Info_11307,,
Task_Info_11308,,
Task_Info_11309,,
Task_Info_11310,,
Task_Info_11401,,
Task_Info_11402,,
Task_Info_11403,,
Task_Info_11404,,
Task_Info_11405,,
Task_Info_11406,,
Task_Info_11407,,
Task_Info_11408,,
Task_Info_11409,,
Task_Info_11410,,
Task_Info_13201,,
Task_Info_13202,,
Task_Info_13203,,
Task_Info_13204,,
Task_Info_13205,,
Task_Info_13206,,
Task_Info_13207,,
Task_Info_13208,,
Task_Info_13209,,
Task_Info_13210,,
Task_Info_13301,,
Task_Info_13302,,
Task_Info_13303,,
Task_Info_13304,,
Task_Info_13305,,
Task_Info_13306,,
Task_Info_13307,,
Task_Info_13308,,
Task_Info_13309,,
Task_Info_13310,,
Task_Info_12201,,
Task_Info_12202,,
Task_Info_12203,,
Task_Info_12204,,
Task_Info_12205,,
Task_Info_12206,,
Task_Info_12207,,
Task_Info_12208,,
Task_Info_12209,,
Task_Info_12210,,
Task_Info_14201,,
Task_Info_14202,,
Task_Info_14203,,
Task_Info_14204,,
Task_Info_14205,,
Task_Info_14206,,
Task_Info_14207,,
Task_Info_14208,,
Task_Info_14209,,
Task_Info_14210,,
Task_Info_14301,,
Task_Info_14302,,
Task_Info_14303,,
Task_Info_14304,,
Task_Info_14305,,
Task_Info_14306,,
Task_Info_14307,,
Task_Info_14308,,
Task_Info_14309,,
Task_Info_14310,,
Task_Info_30002,,
Task_Info_30005,,
Task_Info_30006,,
Task_Info_20101,,
Task_Info_20102,,
Task_Info_20103,,
Task_Info_20104,,
Task_Info_20105,,
Task_Info_20106,,
Task_Info_20107,,
Task_Info_20108,,
Task_Info_20109,,
Task_Info_20110,,
Task_Info_20201,,
Task_Info_20202,,
Task_Info_20203,,
Task_Info_20204,,
Task_Info_20205,,
Task_Info_20206,,
Task_Info_20207,,
Task_Info_20208,,
Task_Info_20209,,
Task_Info_20210,,
Task_Info_20301,,
Task_Info_20302,,
Task_Info_20303,,
Task_Info_20304,,
Task_Info_20305,,
Task_Info_20306,,
Task_Info_20307,,
Task_Info_20308,,
Task_Info_20309,,
Task_Info_20310,,
Task_Info_20401,,
Task_Info_20402,,
Task_Info_20403,,
Task_Info_20404,,
Task_Info_20405,,
Task_Info_20406,,
Task_Info_20407,,
Task_Info_20408,,
Task_Info_20409,,
Task_Info_20410,,
Task_Info_20501,,
Task_Info_20502,,
Task_Info_20503,,
Task_Info_20504,,
Task_Info_20505,,
Task_Info_20506,,
Task_Info_20507,,
Task_Info_20508,,
Task_Info_20509,,
Task_Info_20510,,
Task_Info_30001,,
Task_Info_30004,,
Task_Info_30801,,
Task_Info_30802,,
Task_Info_30803,,
Task_Info_30804,,
Task_Info_30101,,
Task_Info_30102,,
Task_Info_30103,,
Task_Info_30104,,
Task_Info_30105,,
Task_Info_30106,,
Task_Info_30107,,
Task_Info_30108,,
Task_Info_30109,,
Task_Info_30110,,
Task_Info_30301,,
Task_Info_30302,,
Task_Info_30303,,
Task_Info_30304,,
Task_Info_30305,,
Task_Info_30306,,
Task_Info_30307,,
Task_Info_30308,,
Task_Info_30309,,
Task_Info_30310,,
Task_Info_30401,,
Task_Info_30402,,
Task_Info_30403,,
Task_Info_30404,,
Task_Info_30405,,
Task_Info_30406,,
Task_Info_30407,,
Task_Info_30408,,
Task_Info_30409,,
Task_Info_30410,,
Task_Info_30003,,
Task_Info_30007,,
Task_Info_30501,,
Task_Info_30502,,
Task_Info_30503,,
Task_Info_30504,,
Task_Info_30505,,
Task_Info_30506,,
Task_Info_30507,,
Task_Info_30508,,
Task_Info_30509,,
Task_Info_30510,,
Task_Info_30901,,
Task_Info_30902,,
Task_Info_30903,,
Task_Info_30904,,
Task_Info_30905,,
Task_Info_30906,,
Task_Info_30907,,
Task_Info_30908,,
Task_Info_30909,,
Task_Info_30910,,
Task_Info_30701,,
Task_Info_30702,,
Task_Info_30703,,
Task_Info_30704,,
Task_Info_30705,,
Task_Info_30706,,
Task_Info_30707,,
Task_Info_30708,,
Task_Info_30709,,
Task_Info_30710,,
